{
    "available_space": true,
    "id": "i1",
    "size_max": 32.26266956329346,
    "size_mean": 7.74677334579767,
    "size_min": 0.966796875,
    "total_size": 790.1708812713623
}