{
    "available_space": true,
    "id": "i1",
    "size_max": 19.513421058654785,
    "size_mean": 6.683884115780101,
    "size_min": 1.2442235946655273,
    "total_size": 340.87808990478516
}