{
    "available_space": true,
    "id": "i1",
    "size_max": 19.513421058654785,
    "size_mean": 6.664691963195801,
    "size_min": 1.2442235946655273,
    "total_size": 333.23459815979004
}